Gene,Uniprot_ID,DIP_ID,Degree_Centrality,Betweenness_Centrality
TP53,P04637,DIP-368N,0.017551020408163268,0.0773163975084277
BRCA1,P38398,DIP-5971N,0.0067346938775510205,0.012009322367710951
PDCD6IP,Q8WUM4,DIP-29327N,0.004081632653061225,0.006414639522495515
EP300,Q09472,DIP-257N,0.0032653061224489797,0.007073244909279331
MAVS,Q7Z434,DIP-35445N,0.002857142857142857,0.006268899631794293
NCOR2,Q9Y618,DIP-951N,0.002857142857142857,0.0021335907753982143
IFIH1,Q9BYX4,DIP-42607N,0.002653061224489796,0.0029980718185448757
TMEM173,Q86WV6,DIP-48847N,0.002653061224489796,0.002858289900805165
TP53BP1,Q12888,DIP-5978N,0.002653061224489796,0.006222024484063607
KMT2B,Q9UMN6,DIP-34598N,0.002653061224489796,0.002033987430573468
BRCA2,P51587,DIP-24214N,0.0024489795918367346,0.0021336440645286854
CLIP1,P30622,DIP-42826N,0.0024489795918367346,0.0028465754526586532
CHD7,Q9P2D1,DIP-48685N,0.0024489795918367346,0.0025861579373679853
CASP8,Q14790,DIP-30915N,0.0022448979591836735,0.0030747763232371094
MEN1,O00255,DIP-24236N,0.0022448979591836735,0.0011930474178020007
BUB1B,O60566,DIP-24203N,0.0022448979591836735,0.0042552760500172695
CDKN1A,P38936,DIP-246N,0.0022448979591836735,0.0019416738898544884
ERBB2,P04626,DIP-8N,0.0020408163265306124,0.005316928431813221
HTT,P42858,DIP-32492N,0.0020408163265306124,0.004052169155969641
DLG1,Q12959,DIP-33957N,0.0020408163265306124,0.003245582462411819
PIK3CA,P42336,DIP-42728N,0.0018367346938775511,0.004102674972929169
DSP,P15924,DIP-109N,0.0018367346938775511,0.0028224128665421035
DROSHA,Q9NRR4,DIP-33300N,0.0018367346938775511,0.004719780083757572
BAIAP2L1,Q9UHR4,DIP-53820N,0.0018367346938775511,0.0021790776275789105
PRNP,P04156,DIP-29933N,0.0018367346938775511,0.0008571607528247219
BMP2,P12643,DIP-5792N,0.0018367346938775511,0.0033263025312027877
PHF1,O43189,DIP-34001N,0.0018367346938775511,0.0014007144831764222
AURKB,Q96GD4,DIP-34530N,0.0016326530612244899,0.0037632858205478223
TRADD,Q15628,DIP-285N,0.0016326530612244899,0.00025210630375082613
CACNA1C,Q13936,DIP-29589N,0.0016326530612244899,0.002331387107092811
FHL2,Q14192,DIP-5980N,0.0016326530612244899,0.004399927980501186
FN1,P02751,DIP-29547N,0.0016326530612244899,0.0022410156007033008
MAP3K5,Q99683,DIP-29516N,0.0016326530612244899,0.001827495737730827
PLCG1,P19174,DIP-100N,0.0016326530612244899,0.00674273853689584
CUL3,Q13618,DIP-31611N,0.0016326530612244899,5.5733960298004144e-05
ZC3HAV1,Q7Z2W4,DIP-37896N,0.0016326530612244899,0.0010393336870358526
GP6,Q9HCN6,DIP-33875N,0.0014285714285714286,0.0011657470651250102
MYH9,P35579,DIP-33103N,0.0014285714285714286,0.0013378823666637505
PLAUR,Q03405,DIP-137N,0.0014285714285714286,0.0020227721083054266
IFNAR2,P48551,DIP-945N,0.0014285714285714286,0.0010036617218840995
HJURP,Q8NCD3,DIP-53282N,0.0014285714285714286,0.00012107176245572161
NGF,P01138,DIP-5712N,0.0014285714285714286,0.0013561998302349732
FNBP1,Q96RU3,DIP-35355N,0.0014285714285714286,0.0002045397363824444
CSF1,P09603,DIP-41860N,0.0014285714285714286,1.4996813177199845e-06
BCL2L2,Q92843,DIP-33700N,0.0014285714285714286,0.0008846227667163649
EIF3B,P55884,DIP-31113N,0.0014285714285714286,0.0006690244989606375
CASP7,P55210,DIP-29973N,0.0014285714285714286,0.00013089944299205314
NCOA2,Q15596,DIP-5997N,0.0012244897959183673,0.003096757605683208
LRRK2,Q5S007,DIP-29684N,0.0012244897959183673,0.0020602459039055117
DST,Q03001,DIP-33131N,0.0012244897959183673,0.0023854383719782418
RNF168,Q8IYW5,DIP-37451N,0.0012244897959183673,0.0005872024365690937
CASP9,P55211,DIP-27625N,0.0012244897959183673,0.002532726921472327
GSN,P06396,DIP-2196N,0.0012244897959183673,0.0012196455019421986
SREBF2,Q12772,DIP-263N,0.0012244897959183673,0.00013589465410466283
EPRS,P07814,DIP-40825N,0.0012244897959183673,0.0001770269321356507
CHD4,Q14839,DIP-31183N,0.0012244897959183673,0.0011738626013837992
CD44,P16070,DIP-1121N,0.0012244897959183673,0.001414261870104085
ISG15,P05161,DIP-29814N,0.0012244897959183673,0.0016723248948855697
ACVRL1,P37023,DIP-5938N,0.0012244897959183673,0.006685723722140694
BMP1,P13497,DIP-33403N,0.0012244897959183673,0.0013377990510349883
SDC1,P18827,DIP-1123N,0.0012244897959183673,0.0004171810562587704
SIRT6,Q8N6T7,DIP-47346N,0.0012244897959183673,0.002426576369918393
TCF4,P15884,DIP-163N,0.0012244897959183673,0.001359462441718318
STK4,Q13043,DIP-32491N,0.0010204081632653062,0.0005300713467867453
WIPF1,O43516,DIP-17015N,0.0010204081632653062,0.0006165838931660747
MKI67,P46013,DIP-28132N,0.0010204081632653062,0.0010615410278610072
ATXN1,P54253,DIP-35353N,0.0010204081632653062,0.0006691078145893997
RAC2,P15153,DIP-34291N,0.0010204081632653062,0.00047784697767080107
SCRIB,Q14160,DIP-31259N,0.0010204081632653062,0.000836419090290123
KMT2C,Q8NEZ4,DIP-48649N,0.0010204081632653062,0.001161535240555558
RRM2,P31350,DIP-24232N,0.0010204081632653062,0.001461625917840226
TF,P02787,DIP-2738N,0.0010204081632653062,0.0012227120805136517
TNFRSF1B,P20333,DIP-78N,0.0010204081632653062,0.00019429026148294336
TTN,Q8WZ42,DIP-33449N,0.0010204081632653062,0.0006691078145893997
MCM6,Q14566,DIP-31727N,0.0010204081632653062,0.0003527193549784748
NLRP1,Q9C000,DIP-38407N,0.0010204081632653062,0.002671893346863412
DNMBP,Q6XZF7,DIP-53822N,0.0010204081632653062,0.0007821324759473255
ROBO1,Q9Y6N7,DIP-33034N,0.0010204081632653062,1.9995750902933126e-06
KLF1,Q13351,DIP-43776N,0.0010204081632653062,0.0015772773107247165
BIRC7,Q96CA5,DIP-33486N,0.0008163265306122449,0.0
HGFAC,Q04756,DIP-6022N,0.0008163265306122449,0.0006691078145893997
NCF2,P19878,DIP-76N,0.0008163265306122449,0.0010035367484409563
WRN,Q14191,DIP-31380N,0.0008163265306122449,0.000536425084084787
COL3A1,P02461,DIP-57177N,0.0008163265306122449,8.331562876222136e-08
SIRT3,Q9NTG7,DIP-46861N,0.0008163265306122449,0.0010035367484409563
TAP1,Q03518,DIP-35626N,0.0008163265306122449,0.0003345955651090809
AKAP5,P24588,DIP-186N,0.0008163265306122449,0.0008041583392592919
TOPBP1,Q92547,DIP-24263N,0.0008163265306122449,0.00040256496030529476
GHR,P10912,DIP-630N,0.0008163265306122449,0.002005073921791619
FGFR4,P22455,DIP-5149N,0.0008163265306122449,5.940758806358098e-06
NSUN4,Q96CB9,DIP-58104N,0.0008163265306122449,0.000334595565109081
CHEK1,O14757,DIP-24182N,0.0008163265306122449,0.00012891687089843325
NRP2,O60462,DIP-5745N,0.0008163265306122449,0.00017199331327741576
USH1C,Q9Y6N9,DIP-41473N,0.0008163265306122449,4.998937725733282e-07
NEDD4,P46934,DIP-29815N,0.0008163265306122449,0.0008908462144031168
MAD1L1,Q9Y6D9,DIP-29654N,0.0008163265306122449,0.000334595565109081
TLR4,O00206,DIP-34769N,0.0008163265306122449,0.0
ADRB2,P07550,DIP-33948N,0.0008163265306122449,0.0013655718359336124
IL10RA,Q13651,DIP-3512N,0.0008163265306122449,1.291392245814431e-06
NTRK1,P04629,DIP-5714N,0.0008163265306122449,0.0029201777248332
JMJD1C,Q15652,DIP-38114N,0.0008163265306122449,2.3068241630620652e-06
PARK2,O60260,DIP-37655N,0.0008163265306122449,0.0001418882259484261
ITGA4,P13612,DIP-34971N,0.0008163265306122449,0.001819103814665044
KPNA1,P52294,DIP-29296N,0.0008163265306122449,0.0008080936082408973
CDT1,Q9H211,DIP-31089N,0.0008163265306122449,0.00043274379783878096
ITGAV,P06756,DIP-31785N,0.0008163265306122449,0.0008862135734489748
F2,P00734,DIP-6115N,0.0008163265306122449,0.001671894722371496
NFE2L2,Q16236,DIP-29971N,0.0008163265306122449,0.004102774249818912
ING1,Q9UK53,DIP-24258N,0.0008163265306122449,0.0002309925088401293
VWF,P04275,DIP-29667N,0.0008163265306122449,0.0
MTA1,Q13330,DIP-41751N,0.0008163265306122449,0.0008164381551266167
IRF3,Q14653,DIP-41448N,0.0008163265306122449,0.000334595565109081
LILRB2,Q8N423,DIP-59888N,0.0008163265306122449,6.248672157166602e-07
LEPR,P48357,DIP-6117N,0.0008163265306122449,8.331562876222136e-08
PLA2G4A,P47712,DIP-40991N,0.0008163265306122449,0.0010035367484409563
XPC,Q01831,DIP-31225N,0.0006122448979591836,6.347056515718551e-05
PDE3A,Q14432,DIP-42197N,0.0006122448979591836,0.0
PLEKHM2,Q8IWE5,DIP-46410N,0.0006122448979591836,4.998937725733282e-07
DLAT,P10515,DIP-29496N,0.0006122448979591836,0.0
CUBN,O60494,DIP-58583N,0.0006122448979591836,0.0
MMP9,P14780,DIP-29518N,0.0006122448979591836,0.0
COPG1,Q9Y678,DIP-29872N,0.0006122448979591836,0.00012538622145147482
APOE,P02649,DIP-1120N,0.0006122448979591836,0.0007557730664877066
CD5,P06127,DIP-21N,0.0006122448979591836,0.000194421835397069
FCHO2,Q0JRZ9,DIP-29488N,0.0006122448979591836,0.0
PCSK9,Q8NBP7,DIP-29694N,0.0006122448979591836,0.0
TNFSF14,O43557,DIP-3016N,0.0006122448979591836,0.0
CSF2,P04141,DIP-386N,0.0006122448979591836,0.0016716447754852092
APEX1,P27695,DIP-6130N,0.0006122448979591836,0.0006870072794284857
EPS8,Q12929,DIP-32859N,0.0006122448979591836,0.0023997547333043843
TPX2,Q9ULW0,DIP-36727N,0.0006122448979591836,0.0
EFNA1,P20827,DIP-98N,0.0006122448979591836,0.0017716115314289085
MINA,Q8IUF8,DIP-28141N,0.0006122448979591836,0.0
PML,P29590,DIP-33053N,0.0006122448979591836,0.000334595565109081
COG4,Q9H9E3,DIP-32635N,0.0006122448979591836,0.0
FLT4,P35916,DIP-5739N,0.0006122448979591836,0.00016343723771982733
DCLRE1B,Q9H816,DIP-42669N,0.0006122448979591836,0.0
ALCAM,Q13740,DIP-39093N,0.0006122448979591836,0.0
IL13,P35225,DIP-3224N,0.0006122448979591836,4.1657814381110676e-07
PDLIM5,Q96HC4,DIP-34898N,0.0006122448979591836,6.695497024245315e-05
RAD18,Q9NS91,DIP-29831N,0.0006122448979591836,0.0
KLRF2,D3W0D1,DIP-58610N,0.0006122448979591836,0.0
ACACB,O00763,DIP-51617N,0.0006122448979591836,0.0
IQGAP2,Q13576,DIP-27542N,0.0006122448979591836,0.0010608587898894217
CCNH,P51946,DIP-5996N,0.0006122448979591836,0.0005488324848513821
ARTN,Q5T4W7,DIP-29113N,0.0006122448979591836,0.0
ADAR,P55265,DIP-29310N,0.0006122448979591836,0.0
LBR,Q14739,DIP-5987N,0.0006122448979591836,4.912602244649245e-05
CLEC2A,Q6UVW9,DIP-58611N,0.0006122448979591836,0.0
AGXT,P21549,DIP-59650N,0.0006122448979591836,0.0
PTPN23,Q9H3S7,DIP-29923N,0.0006122448979591836,0.0012233126201137846
TYK2,P29597,DIP-1062N,0.0006122448979591836,0.00029625718807326564
HIP1R,O75146,DIP-17042N,0.0006122448979591836,0.0
GIMAP2,Q9UG22,DIP-59483N,0.0006122448979591836,0.0
LRP8,Q14114,DIP-48670N,0.0006122448979591836,0.00166605954065464
BCAR1,P56945,DIP-33855N,0.0006122448979591836,0.0003600504478031441
OBSL1,O75147,DIP-38340N,0.0006122448979591836,0.001337632419777464
SP100,P23497,DIP-5983N,0.0006122448979591836,4.912602244649245e-05
DCC,P43146,DIP-38423N,0.0006122448979591836,0.0016713948285989222
MBL2,P11226,DIP-61381N,0.0006122448979591836,0.0
INCENP,Q9NQS7,DIP-31304N,0.0006122448979591836,0.0002583534771271082
PRC1,O43663,DIP-34436N,0.0006122448979591836,0.0
SENP2,Q9HC62,DIP-29254N,0.0006122448979591836,1.3406225166468297e-05
BLVRA,P53004,DIP-42180N,0.0006122448979591836,0.0003143440970298171
IL10RB,Q08334,DIP-6016N,0.0006122448979591836,1.7079703896255377e-06
NUMA1,Q14980,DIP-32937N,0.0006122448979591836,0.0007002880047246159
BARD1,Q99728,DIP-5972N,0.0006122448979591836,0.0
UCHL1,P09936,DIP-36620N,0.00040816326530612246,0.0002211285322471221
MEP1B,Q16820,DIP-34900N,0.00040816326530612246,0.0
KCNU1,A8MYU2,DIP-60091N,0.00040816326530612246,0.0
POLRMT,O00411,DIP-56412N,0.00040816326530612246,0.000334595565109081
LIG4,P49917,DIP-37958N,0.00040816326530612246,0.000334595565109081
AKAP13,Q12802,DIP-180N,0.00040816326530612246,0.000334595565109081
ANAPC7,Q9UJX3,DIP-39765N,0.00040816326530612246,0.0
RHCG,Q9UBD6,DIP-59334N,0.00040816326530612246,0.0
VDR,P11473,DIP-32624N,0.00040816326530612246,8.240122208025902e-05
IL1A,P01583,DIP-40550N,0.00040816326530612246,8.331562876222136e-08
ZBP1,Q9H171,DIP-44121N,0.00040816326530612246,0.0
NR1D2,Q6I9S1,DIP-48397N,0.00040816326530612246,4.165781438111068e-08
PTPN13,Q12923,DIP-40449N,0.00040816326530612246,0.00036680885427685286
KLRK1,P26718,DIP-31100N,0.00040816326530612246,0.0
EXO1,Q9UQ84,DIP-36701N,0.00040816326530612246,7.069004171922945e-05
TRIM33,Q9UPN9,DIP-54262N,0.00040816326530612246,0.0
FGA,P02671,DIP-29643N,0.00040816326530612246,0.00021127434202582873
KRT5,P13647,DIP-39N,0.00040816326530612246,0.000334595565109081
DOCK1,Q14185,DIP-29391N,0.00040816326530612246,0.0004816223405771732
ARHGEF11,O15085,DIP-31622N,0.00040816326530612246,6.958860928872846e-05
MCPH1,Q8NEM0,DIP-39802N,0.00040816326530612246,0.0
IL3,P08700,DIP-6N,0.00040816326530612246,0.000334595565109081
PVR,P15151,DIP-43987N,0.00040816326530612246,0.0
FBN1,P35555,DIP-29985N,0.00040816326530612246,0.0
MAML1,Q92585,DIP-29920N,0.00040816326530612246,0.0
ESYT2,A0FGR8,DIP-61039N,0.00040816326530612246,0.0
NDC80,O14777,DIP-35100N,0.00040816326530612246,8.205884027941892e-06
HLA-DMB,P28068,DIP-6185N,0.00040816326530612246,2.499468862866641e-07
MMP14,P50281,DIP-35111N,0.00040816326530612246,8.71520908342908e-05
HNF1A,P20823,DIP-33544N,0.00040816326530612246,0.000334595565109081
SYNE2,Q8WXH0,DIP-53409N,0.00040816326530612246,0.0007353261387951139
PHC1,P78364,DIP-44567N,0.00040816326530612246,1.968082924081215e-06
ANKRD27,Q96NW4,DIP-57614N,0.00040816326530612246,0.0
CYBA,P13498,DIP-37650N,0.00040816326530612246,0.0
GRM1,Q13255,DIP-57522N,0.00040816326530612246,0.0
DLC1,Q96QB1,DIP-56928N,0.00040816326530612246,0.000334595565109081
ID3,Q02535,DIP-713N,0.00040816326530612246,6.989141068411702e-06
MUTYH,Q9UIF7,DIP-41972N,0.00040816326530612246,0.000334595565109081
ADA,P00813,DIP-371N,0.00040816326530612246,0.000334595565109081
ANTXR2,P58335,DIP-32476N,0.00040816326530612246,0.000334595565109081
CALCOCO2,Q13137,DIP-57534N,0.00040816326530612246,0.00010332079917983938
ITGA1,P56199,DIP-206N,0.00040816326530612246,1.8921417537251753e-05
MYOM1,P52179,DIP-59649N,0.00040816326530612246,0.0
CLCNKA,P51800,DIP-29432N,0.00040816326530612246,0.0
CFH,P08603,DIP-38303N,0.00040816326530612246,1.666312575244427e-07
BTLA,Q7Z6A9,DIP-48795N,0.00040816326530612246,0.0
NUF2,Q9BZD4,DIP-36119N,0.00040816326530612246,8.205884027941892e-06
ITGA2B,P08514,DIP-68N,0.00040816326530612246,0.0
PDCD4,Q53EL6,DIP-29756N,0.00040816326530612246,0.0020682039232504655
DDC,P20711,DIP-40563N,0.00040816326530612246,0.0
ZFYVE27,Q5T4F4,DIP-61530N,0.00040816326530612246,0.00033459556510908087
EME1,Q96AY2,DIP-48629N,0.00040816326530612246,8.331562876222136e-08
DSG2,Q14126,DIP-46250N,0.00040816326530612246,4.1751544463468174e-05
TEK,Q02763,DIP-6047N,0.00040816326530612246,8.331562876222136e-08
THG1L,Q9NWX6,DIP-59479N,0.00040816326530612246,0.0
GBP1,P32455,DIP-60423N,0.00040816326530612246,0.0
APLF,Q8IW19,DIP-39136N,0.00040816326530612246,1.2305534262543765e-05
CDON,Q4KMG0,DIP-57226N,0.00040816326530612246,2.499468862866641e-07
KCNK10,P57789,DIP-44050N,0.00040816326530612246,0.0
BCORL1,Q5H9F3,DIP-60148N,0.00040816326530612246,5.4705267538865836e-05
ZWILCH,Q9H900,DIP-36478N,0.00040816326530612246,0.0
IGFBP1,P08833,DIP-59846N,0.00040816326530612246,0.0003344289338515565
PDE5A,O76074,DIP-46287N,0.00040816326530612246,0.0
SH2D3C,Q8N5H7,DIP-59443N,0.00040816326530612246,0.0006345975355808753
GRB14,Q14449,DIP-42605N,0.00040816326530612246,0.0006865558238793545
RNASEL,Q05823,DIP-61367N,0.00040816326530612246,0.0
IL4R,P24394,DIP-3223N,0.00040816326530612246,2.499468862866641e-07
FBP1,P09467,DIP-46677N,0.00040816326530612246,7.12121060883644e-05
MARK3,P27448,DIP-34637N,0.00040816326530612246,0.002534276123122031
PTPRT,O14522,DIP-33967N,0.00040816326530612246,0.0005974180345685945
ATG16L1,Q676U5,DIP-50290N,0.00040816326530612246,0.0
NPC1,O15118,DIP-53217N,0.00020408163265306123,0.0
CDH23,Q9H251,DIP-48786N,0.00020408163265306123,0.0
HK1,P19367,DIP-56245N,0.00020408163265306123,0.0
SPINT1,O43278,DIP-37949N,0.00020408163265306123,0.0
NSFL1C,Q9UNZ2,DIP-39611N,0.00020408163265306123,0.0
PRKCA,P17252,DIP-531N,0.00020408163265306123,0.0
SPTA1,P02549,DIP-1020N,0.00020408163265306123,0.0
OBSCN,Q5VST9,DIP-35727N,0.00020408163265306123,0.0
FARSB,Q9NSD9,DIP-32869N,0.00020408163265306123,0.0
PEPD,P12955,DIP-50038N,0.00020408163265306123,0.0
CD86,P42081,DIP-35606N,0.00020408163265306123,0.0
TGS1,Q96RS0,DIP-49970N,0.00020408163265306123,0.0
XRCC1,P18887,DIP-39067N,0.00020408163265306123,0.0
PDCD1,Q15116,DIP-44126N,0.00020408163265306123,0.0
RAD51,P25454,DIP-195N,0.00020408163265306123,0.0
SFTPC,P11686,DIP-61551N,0.00020408163265306123,0.0
CALCRL,Q16602,DIP-37674N,0.00020408163265306123,0.0
TNFRSF10B,O14763,DIP-33566N,0.00020408163265306123,0.0
SMYD2,Q9NRG4,DIP-50202N,0.00020408163265306123,0.0
CENPE,Q02224,DIP-38902N,0.00020408163265306123,0.0
GLP1R,P43220,DIP-29980N,0.00020408163265306123,0.0
NLRX1,Q86UT6,DIP-60637N,0.00020408163265306123,0.0
KDM4D,Q6B0I6,DIP-29606N,0.00020408163265306123,0.0
SETD1B,Q9UPS6,DIP-61947N,0.00020408163265306123,0.0
NRG1,Q02297,DIP-355N,0.00020408163265306123,0.0
VAV2,P52735,DIP-33088N,0.00020408163265306123,0.0
POLR2A,G3MZY8,DIP-61187N,0.00020408163265306123,0.0
ICAM1,P05362,DIP-36658N,0.00020408163265306123,0.0
THEM4,Q5T1C6,DIP-60764N,0.00020408163265306123,0.0
SERPING1,P05155,DIP-45635N,0.00020408163265306123,0.0
EGF,P01133,DIP-5767N,0.00020408163265306123,0.0
JUP,P14923,DIP-36235N,0.00020408163265306123,0.0
FYB,O15117,DIP-42204N,0.00020408163265306123,0.0
CPA4,Q9UI42,DIP-60558N,0.00020408163265306123,0.0
LCP1,P13796,DIP-34767N,0.00020408163265306123,0.0
MSH3,P20585,DIP-35127N,0.00020408163265306123,0.0
MUS81,Q96NY9,DIP-48630N,0.00020408163265306123,0.0
EFEMP2,O95967,DIP-34518N,0.00020408163265306123,0.0
FLT3,P36888,DIP-59769N,0.00020408163265306123,0.0
CD180,Q99467,DIP-59104N,0.00020408163265306123,0.0
GGA2,Q9UJY4,DIP-31601N,0.00020408163265306123,0.0
SCO2,O43819,DIP-46088N,0.00020408163265306123,0.0
CLEC1B,Q9P126,DIP-61332N,0.00020408163265306123,0.0
DCAF6,Q58WW2,DIP-44678N,0.00020408163265306123,0.0
IFIT2,P09913,DIP-48848N,0.00020408163265306123,0.0
NUP153,P49790,DIP-38185N,0.00020408163265306123,0.0
SMYD3,Q9H7B4,DIP-32653N,0.00020408163265306123,0.0
EPHA1,P21709,DIP-34886N,0.00020408163265306123,0.0
SKIL,P12757,DIP-42138N,0.00020408163265306123,0.0
GDF5,P43026,DIP-5823N,0.00020408163265306123,0.0
NCF1,P14598,DIP-126N,0.00020408163265306123,0.0
CEP350,Q5VT06,DIP-49946N,0.00020408163265306123,0.0
GLI1,P08151,DIP-32536N,0.00020408163265306123,0.0
PLXNA2,O75051,DIP-31672N,0.00020408163265306123,0.0
ETFB,P38117,DIP-6162N,0.00020408163265306123,0.0
TBCC,Q15814,DIP-46388N,0.00020408163265306123,0.0
UBR2,Q8IWV8,DIP-38165N,0.00020408163265306123,0.0
F13A1,P00488,DIP-377N,0.00020408163265306123,0.0
ITGB2,P05107,DIP-478N,0.00020408163265306123,0.0
GABBR2,O75899,DIP-42851N,0.00020408163265306123,0.0
LMO7,Q8WWI1,DIP-33107N,0.00020408163265306123,0.0
MTHFD1,P11586,DIP-33682N,0.00020408163265306123,0.0
CCNA2,P30274,DIP-693N,0.00020408163265306123,0.0
SORBS2,O94875,DIP-31634N,0.00020408163265306123,0.0
MYSM1,Q5VVJ2,DIP-58941N,0.00020408163265306123,0.0
IL7R,P16871,DIP-3045N,0.00020408163265306123,0.0
BACE1,P56817,DIP-41388N,0.00020408163265306123,0.0
IFI16,Q16666,DIP-42868N,0.00020408163265306123,0.0
CEACAM5,P06731,DIP-57769N,0.00020408163265306123,0.0
CUL7,Q14999,DIP-31618N,0.00020408163265306123,0.0
ARL2,P36404,DIP-47535N,0.00020408163265306123,0.0
GRB7,Q14451,DIP-502N,0.00020408163265306123,0.0
CTDP1,Q9Y5B0,DIP-41788N,0.00020408163265306123,0.0
LRBA,P50851,DIP-50531N,0.00020408163265306123,0.0
NUDCD3,Q8IVD9,DIP-53643N,0.00020408163265306123,0.0
ATXN2,Q99700,DIP-33372N,0.00020408163265306123,0.0
PRKRA,O75569,DIP-41809N,0.00020408163265306123,0.0
RGS16,O15492,DIP-59094N,0.00020408163265306123,0.0
BTC,P35070,DIP-5768N,0.00020408163265306123,0.0
DLG5,Q8TDM6,DIP-41450N,0.00020408163265306123,0.0
PPP2R3A,Q06190,DIP-29397N,0.00020408163265306123,0.0
COL1A1,P02452,DIP-36077N,0.00020408163265306123,0.0
IFNLR1,Q8IU57,DIP-31197N,0.00020408163265306123,0.0
ZNF462,Q96JM2,DIP-39340N,0.00020408163265306123,0.0
TNFRSF4,P43489,DIP-3024N,0.00020408163265306123,0.0
PPFIBP2,Q8ND30,DIP-42373N,0.00020408163265306123,0.0
MST1R,Q04912,DIP-6029N,0.00020408163265306123,0.0
IL22RA1,Q8N6P7,DIP-42031N,0.00020408163265306123,0.0
EMILIN1,Q9Y6C2,DIP-35733N,0.00020408163265306123,0.0
NFATC1,O95644,DIP-44311N,0.00020408163265306123,0.0
PIN4,Q9Y237,DIP-50838N,0.00020408163265306123,0.0
AKAP10,O43572,DIP-48753N,0.00020408163265306123,0.0
SPEN,Q96T58,DIP-34569N,0.00020408163265306123,0.0
IL6R,P08887,DIP-3777N,0.00020408163265306123,0.0
IL5RA,Q01344,DIP-3510N,0.00020408163265306123,0.0
PTPN7,P35236,DIP-29118N,0.00020408163265306123,0.0
OPTN,Q96CV9,DIP-42001N,0.00020408163265306123,0.0
ITGAL,P20701,DIP-623N,0.00020408163265306123,0.0
KIF13B,Q9NQT8,DIP-34586N,0.00020408163265306123,0.0
EPB41L3,Q9Y2J2,DIP-17035N,0.00020408163265306123,0.0
MYH14,Q7Z406,DIP-33170N,0.00020408163265306123,0.0
CEP55,Q53EZ4,DIP-44581N,0.00020408163265306123,0.0
PMS2,P54278,DIP-27602N,0.00020408163265306123,0.0
MEFV,O15553,DIP-41878N,0.00020408163265306123,0.0
SORL1,Q92673,DIP-41229N,0.00020408163265306123,0.0
RABEP1,Q15276,DIP-29350N,0.00020408163265306123,0.0
BRD2,P25440,DIP-60835N,0.00020408163265306123,0.0
AIP,O00170,DIP-34068N,0.00020408163265306123,0.0
RASSF1,Q9NS23,DIP-31270N,0.00020408163265306123,0.0
NUP214,P35658,DIP-38367N,0.00020408163265306123,0.0
MLH1,P40692,DIP-27601N,0.00020408163265306123,0.0
PDHX,O00330,DIP-29026N,0.00020408163265306123,0.0
GC,P02774,DIP-17038N,0.00020408163265306123,0.0
A2M,P01023,DIP-1118N,0.00020408163265306123,0.0
NRIP1,P48552,DIP-5964N,0.00020408163265306123,0.0
PRTN3,P24158,DIP-31107N,0.00020408163265306123,0.0
BACH1,O14867,DIP-24223N,0.00020408163265306123,0.0
CFB,P00751,DIP-38319N,0.00020408163265306123,0.0
CTLA4,P16410,DIP-35607N,0.00020408163265306123,0.0
ADCYAP1,P18509,DIP-60936N,0.00020408163265306123,0.0
CAP1,Q01518,DIP-62063N,0.00020408163265306123,0.0
ZFPM1,Q8IX07,DIP-48415N,0.00020408163265306123,0.0
IL16,Q14005,DIP-6006N,0.00020408163265306123,0.0
PRDM2,Q13029,DIP-428N,0.00020408163265306123,0.0
LMAN1,P49257,DIP-42188N,0.00020408163265306123,0.0
NCF4,Q15080,DIP-17019N,0.00020408163265306123,0.0
AGR2,O95994,DIP-48825N,0.00020408163265306123,0.0
SELP,P16109,DIP-37667N,0.00020408163265306123,0.0
TADA2A,O75478,DIP-28151N,0.00020408163265306123,0.0
AP3D1,O14617,DIP-46793N,0.00020408163265306123,0.0
F5,P12259,DIP-47331N,0.00020408163265306123,0.0
SPTB,P11277,DIP-1021N,0.00020408163265306123,0.0
LTBP1,Q14766,DIP-50011N,0.00020408163265306123,0.0
ALK,Q9UM73,DIP-5954N,0.00020408163265306123,0.0
PEG3,Q9GZU2,DIP-38426N,0.00020408163265306123,0.0
SPTBN2,O15020,DIP-47270N,0.00020408163265306123,0.0
